{"BinaryIoU": [0.26065999269485474, 0.46262869238853455, 0.473702996969223, 0.4732910990715027, 0.4756704866886139, 0.49953916668891907], "loss": [0.8205089569091797, 0.5767236948013306, 0.4616963565349579, 0.38332241773605347, 0.3185961842536926, 0.26677387952804565], "val_BinaryIoU": [0.4726731479167938, 0.4729686379432678, 0.4729558825492859, 0.4734666049480438, 0.4765903949737549, 0.4766674339771271], "val_loss": [0.8854118585586548, 0.8700577020645142, 0.870465099811554, 0.8541325330734253, 0.7544085383415222, 0.7520774006843567], "eval_results": [0.9362747669219971, 0.47095364332199097]}